id,name,gender,age,country
1,Patricia,female,81,Western Sahara
2,Kathy,female,35,United Republic of Tanzania
3,Gretta,female,36,Gambia
4,Noe,male,52,Mayotte
5,Steven,male,68,Seychelles
6,Alvin,male,58,Uruguay
7,Susan,female,17,Thailand
8,Roy,male,73,Palau
9,Robert,male,33,Luxembourg
10,Andrew,male,61,Togo
11,Loretta,female,46,Samoa
12,Joseph,male,35,Samoa
13,Eric,male,44,Afghanistan
14,Darrell,male,72,Réunion
15,Robert,male,96,New Caledonia
16,Lawrence,male,64,Iceland
17,Shelley,female,24,Northern Mariana Islands
18,Michael,male,46,Greece
19,Barbara,female,39,Viet Nam
20,Marie,female,47,Yemen
21,Sonia,female,71,Cameroon
22,Eileen,female,89,Malaysia
23,Coralee,female,51,Philippines
24,Anthony,male,77,Kuwait
25,Joshua,male,72,Bangladesh
26,Arlene,female,55,American Samoa
27,Mindy,female,17,Hungary
28,Deborah,female,75,Burkina Faso
29,Roland,male,92,Liechtenstein
30,Veronica,female,76,Holy See
31,Wade,male,61,Mauritius
32,Randall,male,83,Ecuador
33,Miguel,male,12,Ethiopia
34,Maria,female,83,China
35,Jerry,male,85,American Samoa
36,Kathleen,female,21,Micronesia (Federated States of)
37,Allen,male,25,Syrian Arab Republic
38,Rebecca,female,37,Poland
39,Leona,female,12,Yemen
40,Eugene,male,89,Italy
41,Eric,male,44,Micronesia (Federated States of)
42,Brenda,female,16,Zambia
43,Justin,male,36,Lithuania
44,Robert,male,61,Denmark
45,Fred,male,87,Singapore
46,Donald,male,31,Viet Nam
47,Kim,female,47,Malawi
48,Roslyn,female,12,American Samoa
49,Virginia,female,56,Kyrgyzstan
50,Margaret,female,98,Morocco
51,Rosanna,female,97,Comoros
52,William,male,35,France
53,Heather,female,84,Malawi
54,Coy,male,47,Mongolia
55,Daniel,male,60,Lebanon
56,David,male,37,Burundi
57,Fredricka,female,42,Gabon
58,Rhoda,female,40,Republic of Korea
59,Ernie,male,43,Bosnia and Herzegovina
60,Idella,female,70,Turkey
61,Mark,male,93,Madagascar
62,Nicole,female,48,Zimbabwe
63,Charlotte,female,31,Azerbaijan
64,Sean,male,22,Zimbabwe
65,Rosalinda,female,42,Gibraltar
66,Larry,male,57,Azerbaijan
67,Christopher,male,49,American Samoa
68,Patty,female,89,Azerbaijan
69,Cindy,female,54,Mauritania
70,Joseph,male,85,Philippines
71,Matthew,male,95,Paraguay
72,Kenneth,male,82,San Marino
73,Wanda,female,81,Palau
74,Laurel,female,59,Djibouti
75,Stacey,female,78,Argentina
76,Steven,male,59,Kazakhstan
77,Janet,female,27,Bhutan
78,Fred,male,58,Brazil
79,Lester,male,90,Isle of Man
80,Bryan,male,41,Nigeria
81,Lisa,female,17,Denmark
82,Julia,female,26,Uzbekistan
83,Judith,female,79,Peru
84,Nina,female,87,Austria
85,Daniel,male,96,Egypt
86,Michael,male,26,Poland
87,Michael,male,98,Mozambique
88,Regina,female,59,Austria
89,James,male,77,Andorra
90,Harold,male,33,Morocco
91,John,male,82,Botswana
92,Maureen,female,91,Saint Helena
93,Dean,male,29,Equatorial Guinea
94,Jennifer,female,90,Serbia
95,Carlos,male,49,Yemen
96,Linda,female,83,Jersey
97,Thelma,female,43,Kenya
98,Laura,female,89,United Kingdom of Great Britain and Northern Ireland
99,Michael,male,13,Lao People's Democratic Republic
100,Jerry,male,61,Angola
101,Betty,female,36,Zimbabwe
102,Walter,male,54,Pitcairn
103,Wendy,female,10,Switzerland
104,Joan,female,49,Argentina
105,Stacy,female,91,The former Yugoslav Republic of Macedonia
106,Edward,male,60,Ethiopia
107,Michael,male,14,Tuvalu
108,Molly,female,69,Kuwait
109,Betty,female,26,Czechia
110,Oscar,male,24,Guernsey
111,Madeleine,female,26,Luxembourg
112,Dewey,male,18,Marshall Islands
113,Yvonne,female,87,San Marino
114,Erick,male,33,Kyrgyzstan
115,Karen,female,57,Tunisia
116,Arlene,female,26,Sao Tome and Principe
117,Anne,female,45,Republic of Korea
118,John,male,49,Belarus
119,Willie,male,58,Botswana
120,Maureen,female,67,French Polynesia
121,Iris,female,40,Qatar
122,Candace,female,37,Cook Islands
123,Samuel,male,92,Zimbabwe
124,Cathy,female,60,Japan
125,Michael,male,27,Liberia
126,Terri,female,25,Sweden
127,Emanuel,male,90,Japan
128,Cynthia,female,39,Angola
129,Gerald,male,35,Turkmenistan
130,James,male,78,Pakistan
131,Courtney,female,86,Luxembourg
132,David,male,93,United Republic of Tanzania
133,Alice,female,72,Singapore
134,Lisa,female,94,Wallis and Futuna Islands
135,Jean,female,41,Lao People's Democratic Republic
136,Bryan,male,65,Georgia
137,Rosemary,female,47,Sierra Leone
138,Kathryn,female,23,Namibia
139,Scott,male,13,China
140,Rebbeca,female,46,Cook Islands
141,Michael,male,91,Bosnia and Herzegovina
142,Ruby,female,37,Syrian Arab Republic
143,Alisa,female,93,Slovenia
144,Suzette,female,41,Sri Lanka
145,Albertha,female,53,Gambia
146,Zola,female,76,Togo
147,Glenn,male,40,Niger
148,Julius,male,95,Liberia
149,Stephen,male,71,Republic of Korea
150,Fred,male,55,Kenya
151,Eric,male,82,Paraguay
152,Ronald,male,29,Germany
153,Eric,male,14,Equatorial Guinea
154,Jaime,female,44,Tunisia
155,Randall,male,65,Liberia
156,Stephen,male,28,Madagascar
157,Peter,male,62,Venezuela (Bolivarian Republic of)
158,Jason,male,89,Djibouti
159,Jessie,male,21,Central African Republic
160,Ok,female,13,Togo
161,Robin,male,51,Kiribati
162,Shawn,male,11,Kuwait
163,Amy,female,69,Japan
164,Sherrie,female,68,Andorra
165,Raymond,male,60,Bhutan
166,Janie,female,48,Egypt
167,Roger,male,26,Ireland
168,Ronda,female,90,Japan
169,Michael,male,77,Liberia
170,Carol,female,69,Finland
171,Deborah,female,12,Azerbaijan
172,Joan,female,15,Marshall Islands
173,Philip,male,58,Sao Tome and Principe
174,Anna,female,75,French Guiana
175,Joseph,male,72,Mali
176,Kathrine,female,18,Italy
177,Karen,female,78,Vanuatu
178,Molly,female,91,Jersey
179,Margaret,female,58,Bangladesh
180,Geoffrey,male,71,Guam
181,Barry,male,63,Iran (Islamic Republic of)
182,Douglas,male,67,France
183,Sharon,female,32,Saudi Arabia
184,Robert,male,67,Georgia
185,Lonnie,male,53,Russian Federation
186,Fernando,male,54,Nigeria
187,Daniel,male,28,Micronesia (Federated States of)
188,Kimberly,female,92,Oman
189,John,male,30,Peru
190,Scott,male,65,Cook Islands
191,Arthur,male,60,Kiribati
192,Allan,male,96,India
193,David,male,74,Brunei Darussalam
194,Barbara,female,46,Bosnia and Herzegovina
195,Lucille,female,32,Chile
196,Cathrine,female,11,Tajikistan
197,Yolanda,female,97,Iceland
198,Lee,male,40,Azerbaijan
199,Kevin,male,56,South Sudan
200,Jacob,male,64,Switzerland
201,Jane,female,32,Kyrgyzstan
202,Linda,female,87,Benin
203,Kathleen,female,58,Bulgaria
204,Mandi,female,73,Pitcairn
205,Daryl,male,53,American Samoa
206,Noel,male,86,Uganda
207,Zachary,male,68,"China, Macao Special Administrative Region"
208,Ann,female,90,Ecuador
209,Nichole,female,88,Brazil
210,Gary,male,71,Comoros
211,Johnny,male,44,Netherlands
212,Kevin,male,77,Niger
213,Alejandro,male,60,Kenya
214,Alice,female,84,Norfolk Island
215,Phillip,male,64,Tonga
216,Andrew,male,40,Uruguay
217,Ernest,male,64,Vanuatu
218,Jennifer,female,36,Vanuatu
219,Steven,male,87,Bolivia (Plurinational State of)
220,Joseph,male,61,Benin
221,Wayne,male,35,Niger
222,David,male,32,Suriname
223,Ollie,female,89,Switzerland
224,Steven,male,78,Guinea
225,John,male,20,Tunisia
226,Darrell,male,39,Réunion
227,Susan,female,18,Germany
228,Kirk,male,88,Tunisia
229,Brad,male,42,Iceland
230,Alice,female,67,Madagascar
231,Donald,male,29,Ecuador
232,David,male,55,Sierra Leone
233,Robert,male,55,Slovakia
234,Gabriella,female,79,Kyrgyzstan
235,Martin,male,18,Angola
236,Eric,male,32,Albania
237,Chelsea,female,49,Marshall Islands
238,Mary,female,57,Iran (Islamic Republic of)
239,John,male,41,Mali
240,Bobby,male,24,Switzerland
241,Ariel,female,34,Norway
242,Steven,male,21,Venezuela (Bolivarian Republic of)
243,Michael,male,37,Northern Mariana Islands
244,Jodi,female,79,Central African Republic
245,Anthony,male,44,Kyrgyzstan
246,Carol,female,43,Iceland
247,Charles,male,30,Albania
248,Robyn,female,86,South Sudan
249,Michelle,female,69,Falkland Islands (Malvinas)
250,Thomas,male,21,Iceland
251,Jason,male,94,Spain
252,Mitchell,male,72,Nepal
253,Christopher,male,54,Latvia
254,Rose,female,46,Serbia
255,Darlene,female,89,Argentina
256,Cristen,female,12,Luxembourg
257,Steven,male,28,Mali
258,Gloria,female,52,Argentina
259,Julia,female,89,Republic of Korea
260,Kristie,female,84,Mali
261,Thomas,male,22,Suriname
262,Theodore,male,79,Timor-Leste
263,Irma,female,90,Djibouti
264,Jessica,female,17,Singapore
265,Marie,female,15,Slovenia
266,Warren,male,51,Slovenia
267,Hazel,female,14,Estonia
268,George,male,37,Estonia
269,John,male,28,Lesotho
270,Irving,male,37,Serbia
271,Amber,female,47,Norway
272,James,male,81,American Samoa
273,Joseph,male,16,Uzbekistan
274,Willie,male,57,Germany
275,Robert,male,30,Czechia
276,Dena,female,18,Qatar
277,Stella,female,79,Albania
278,Gary,male,70,Tonga
279,John,male,60,Holy See
280,Harold,male,31,"China, Macao Special Administrative Region"
281,Anjelica,female,61,Gibraltar
282,Shelia,female,89,Mauritius
283,Suzie,female,10,Mayotte
284,Kathryn,female,18,Kuwait
285,Graig,male,52,Myanmar
286,Sean,male,42,Réunion
287,Amber,female,30,Greece
288,Paulette,female,48,Sudan
289,Kaitlin,female,41,Namibia
290,Melissa,female,36,New Zealand
291,Dorothy,female,41,Saint Helena
292,Joyce,female,36,Papua New Guinea
293,Melissa,female,14,Monaco
294,Michael,male,61,French Polynesia
295,Ruth,female,31,Zimbabwe
296,Timothy,male,82,Estonia
297,Benjamin,male,86,State of Palestine
298,Charles,male,68,Guinea
299,Christina,female,71,Kuwait
300,Karen,female,17,Namibia
301,Tracy,female,93,The former Yugoslav Republic of Macedonia
302,Charles,male,53,Brunei Darussalam
303,Ronald,male,32,Botswana
304,Cynthia,female,33,Bangladesh
305,Brenda,female,90,Albania
306,Bernice,female,21,Jordan
307,Marjorie,female,52,Mauritius
308,Daniel,male,69,Congo
309,John,male,36,Sao Tome and Principe
310,Veronica,female,26,United Kingdom of Great Britain and Northern Ireland
311,Sandra,female,51,Montenegro
312,David,male,76,Mauritania
313,Marie,female,24,Tonga
314,Terry,male,13,Bulgaria
315,John,male,43,Botswana
316,Hung,male,68,Micronesia (Federated States of)
317,Julie,female,59,Sri Lanka
318,Marion,male,70,Uruguay
319,Patricia,female,39,Oman
320,Francisco,male,27,Libya
321,Timothy,male,39,Bolivia (Plurinational State of)
322,Charles,male,96,Finland
323,Tina,female,36,Austria
324,Carl,male,50,Western Sahara
325,Juan,male,81,Isle of Man
326,Wayne,male,87,Sierra Leone
327,Randy,male,58,Qatar
328,Nancy,female,42,Romania
329,Richard,male,59,Svalbard and Jan Mayen Islands
330,Hannah,female,81,New Zealand
331,Catherine,female,64,Wallis and Futuna Islands
332,Joseph,male,65,Montenegro
333,Kendra,female,83,China
334,Andy,male,71,Norfolk Island
335,Norman,male,12,Hungary
336,Marianne,female,48,Libya
337,Curtis,male,98,Falkland Islands (Malvinas)
338,David,male,24,Chad
339,Richard,male,92,Senegal
340,Vilma,female,68,Hungary
341,Norma,female,19,Spain
342,Clarence,male,71,Malawi
343,Chris,male,25,Hungary
344,Robin,female,96,France
345,Susan,female,54,Eritrea
346,Ana,female,87,The former Yugoslav Republic of Macedonia
347,Jesse,male,41,Guernsey
348,Norman,male,50,Somalia
349,Audrey,female,36,Svalbard and Jan Mayen Islands
350,Thelma,female,33,Central African Republic
351,Robert,male,78,Niger
352,Ted,male,17,Romania
353,John,male,29,Guinea-Bissau
354,Eloise,female,30,Bosnia and Herzegovina
355,Joe,male,95,Timor-Leste
356,Jerry,male,51,Slovenia
357,William,male,64,Andorra
358,Joseph,male,18,Kenya
359,Violet,female,40,Samoa
360,Velia,female,86,Iceland
361,Brett,male,95,Palau
362,Patricia,female,30,Ethiopia
363,Henry,male,17,Andorra
364,John,male,27,Mongolia
365,Kelley,male,95,Iran (Islamic Republic of)
366,Betty,female,79,Lithuania
367,Margaret,female,65,Kazakhstan
368,Jean,female,55,Réunion
369,Gerald,male,75,Belgium
370,Ralph,male,94,Chad
371,David,male,49,French Guiana
372,Inez,female,32,Norway
373,Adam,male,80,Pakistan
374,Kevin,male,24,Kenya
375,Charles,male,30,Serbia
376,Herbert,male,98,American Samoa
377,Sherry,female,18,"China, Macao Special Administrative Region"
378,Kenyatta,female,75,Argentina
379,Harold,male,37,American Samoa
380,Phyllis,female,21,Chile
381,Barbara,female,44,United Kingdom of Great Britain and Northern Ireland
382,Wanita,female,35,Gabon
383,Isabel,female,46,Nauru
384,Alene,female,71,South Africa
385,Thomas,male,41,Qatar
386,Wanda,female,91,Gambia
387,Elizabeth,female,48,Chad
388,Miles,male,77,Sri Lanka
389,Charles,male,88,Hungary
390,Wayne,male,72,Gabon
391,Steven,male,91,Lebanon
392,Cody,male,53,Mayotte
393,Stephen,male,80,Guam
394,Enrique,male,50,Luxembourg
395,Jessica,female,85,Mozambique
396,Brandi,female,26,Uzbekistan
397,Mary,female,15,Iraq
398,Derick,male,20,Equatorial Guinea
399,Jackie,female,37,Kiribati
400,Thelma,female,24,Senegal
401,Joseph,male,12,Bhutan
402,John,male,64,Nauru
403,Teri,female,88,Northern Mariana Islands
404,Gregory,male,23,Norway
405,David,male,75,Republic of Moldova
406,Connie,female,90,Ethiopia
407,Jess,male,31,Cook Islands
408,Monique,female,27,Bulgaria
409,Eric,male,89,Iraq
410,Gregory,male,51,Norway
411,Anthony,male,55,Timor-Leste
412,Virgil,male,55,Solomon Islands
413,Tom,male,34,Latvia
414,Carolyn,female,33,Senegal
415,Irma,female,16,Guinea-Bissau
416,Francesca,female,32,Micronesia (Federated States of)
417,Archie,male,12,Belgium
418,Beth,female,28,Cook Islands
419,Lawrence,male,37,Sierra Leone
420,Shelly,female,77,Sierra Leone
421,Tyler,male,98,Slovakia
422,Jackie,male,78,Russian Federation
423,Ralph,male,76,China
424,Robert,male,83,State of Palestine
425,Dorothy,female,98,Guinea-Bissau
426,Micheal,male,37,Ecuador
427,Jane,female,23,Nepal
428,Edith,female,54,Iran (Islamic Republic of)
429,Joseph,male,31,Solomon Islands
430,Lewis,male,87,China
431,Carla,female,47,Thailand
432,Delores,female,10,Bahrain
433,Colin,male,18,Zimbabwe
434,Joann,female,28,Montenegro
435,James,male,66,Spain
436,Ronald,male,51,Latvia
437,James,male,33,Libya
438,Melissa,female,71,Niger
439,Mary,female,90,Belgium
440,Kimberly,female,33,Nauru
441,Shirley,female,86,Malta
442,Marsha,female,92,Rwanda
443,William,male,44,Lao People's Democratic Republic
444,Thomas,male,38,Svalbard and Jan Mayen Islands
445,Chad,male,26,Iran (Islamic Republic of)
446,John,male,54,Senegal
447,Mary,female,89,Iraq
448,Christopher,male,18,Chad
449,Maria,female,97,Egypt
450,Amy,female,87,Gibraltar
451,Linda,female,86,Armenia
452,Jessica,female,62,Russian Federation
453,Tina,female,63,South Sudan
454,Kathleen,female,65,Equatorial Guinea
455,Lowell,male,34,Kuwait
456,Elizabeth,female,78,United Arab Emirates
457,Abraham,male,34,Cambodia
458,Ruth,female,92,Lesotho
459,Katina,female,25,Wallis and Futuna Islands
460,Joseph,male,19,Mozambique
461,Jackie,male,83,Georgia
462,Regina,female,15,Saudi Arabia
463,Barbara,female,77,Sri Lanka
464,Humberto,male,47,Portugal
465,Christopher,male,41,United Kingdom of Great Britain and Northern Ireland
466,James,male,84,Holy See
467,Kyle,male,37,Western Sahara
468,Brady,male,96,United Arab Emirates
469,Michael,male,71,Sierra Leone
470,John,male,22,Cook Islands
471,John,male,56,Guam
472,Michael,male,36,Wallis and Futuna Islands
473,Bobby,male,47,South Sudan
474,Kathryn,female,13,United Arab Emirates
475,Daniel,male,62,Cook Islands
476,Roy,male,17,Romania
477,Thomas,male,75,Paraguay
478,Carrol,male,44,Philippines
479,Wanda,female,83,Senegal
480,Angela,female,92,United Arab Emirates
481,Kristi,female,16,Mauritania
482,Randy,male,83,New Caledonia
483,Aline,female,96,French Polynesia
484,Laura,female,71,Germany
485,Gladys,female,50,Guyana
486,Rose,female,95,Vanuatu
487,Donna,female,52,New Zealand
488,Holly,female,72,Namibia
489,Steven,male,33,United Republic of Tanzania
490,Francoise,female,55,Burundi
491,Eliza,female,83,Kazakhstan
492,Elena,female,45,Lao People's Democratic Republic
493,Allison,female,79,Wallis and Futuna Islands
494,Samantha,female,52,Benin
495,William,male,77,Togo
496,Loretta,female,18,Rwanda
497,Alan,male,59,Samoa
498,Randy,male,57,Togo
499,David,male,60,Sierra Leone
500,Thomas,male,42,Georgia
501,Maria,female,55,Republic of Korea
502,Suzanne,female,16,Sweden
503,Rene,female,27,Yemen
504,Shannon,female,57,Lesotho
505,Bob,male,63,Greece
506,Steve,male,87,Sweden
507,Carolyn,female,47,Zimbabwe
508,George,male,25,Tonga
509,James,male,41,Namibia
510,Michael,male,37,Romania
511,Nora,female,49,Bolivia (Plurinational State of)
512,Juan,male,62,Niger
513,Wayne,male,58,Malawi
514,John,male,98,Samoa
515,Steven,male,79,Mayotte
516,Kelly,female,42,Democratic People's Republic of Korea
517,Michael,male,20,Cook Islands
518,Jennifer,female,63,French Guiana
519,James,male,95,Mongolia
520,Roy,male,11,Eritrea
521,Janice,female,42,Bangladesh
522,Joan,female,17,Oman
523,Alonzo,male,80,Liechtenstein
524,Graciela,female,16,Lithuania
525,Paul,male,90,Liechtenstein
526,Albert,male,39,Slovakia
527,Betty,female,77,Bangladesh
528,Mark,male,11,Philippines
529,Scott,male,70,Georgia
530,Sarah,female,64,Thailand
531,Gertrude,female,70,Russian Federation
532,Garland,male,11,Namibia
533,Marion,female,19,Benin
534,Carolyn,female,90,Timor-Leste
535,Carman,female,40,Tajikistan
536,Elissa,female,53,Mauritius
537,Debra,female,44,India
538,Randy,male,83,Pakistan
539,Edward,male,37,Japan
540,Anthony,male,59,Bulgaria
541,Linda,female,45,Qatar
542,George,male,74,Kenya
543,Ann,female,73,Rwanda
544,Patrick,male,87,Uruguay
545,Sandra,female,68,Mongolia
546,Wiley,male,14,Iceland
547,John,male,77,Montenegro
548,Sherry,female,73,Sudan
549,Crystal,female,60,United Republic of Tanzania
550,Elizabeth,female,19,Nigeria
551,William,male,77,Guernsey
552,Robert,male,75,American Samoa
553,Kerri,female,52,Serbia
554,Mary,female,33,South Sudan
555,Lillian,female,11,Lao People's Democratic Republic
556,Kevin,male,12,Maldives
557,Keith,male,90,Palau
558,Mary,female,52,Myanmar
559,Sarah,female,12,Libya
560,Sylvia,female,60,Burundi
561,Valentin,male,22,Kyrgyzstan
562,Jessie,female,17,Suriname
563,Alma,female,26,Australia
564,Deborah,female,75,Pitcairn
565,Douglas,male,13,Fiji
566,Francisco,male,41,Suriname
567,Margaret,female,63,Libya
568,Cleora,female,24,Niue
569,Ana,female,46,Thailand
570,Todd,male,40,Guyana
571,Oscar,male,97,Democratic People's Republic of Korea
572,Esther,female,83,Kenya
573,Raymond,male,73,Gabon
574,Johnny,male,25,Nepal
575,Emily,female,80,Somalia
576,Neil,male,73,Papua New Guinea
577,Frances,female,69,American Samoa
578,Roy,male,37,Colombia
579,Adam,male,91,Isle of Man
580,Linda,female,78,Cabo Verde
581,Curtis,male,62,Congo
582,Elizabeth,female,34,Solomon Islands
583,Catherine,female,36,Gibraltar
584,Matthew,male,85,Finland
585,Reginald,male,50,State of Palestine
586,Kittie,female,97,Hungary
587,Lashawn,female,84,Jordan
588,Peter,male,70,Niue
589,Mary,female,75,Myanmar
590,Dana,male,79,Pitcairn
591,Myrtle,female,87,Bulgaria
592,Vilma,female,22,Saint Helena
593,Arturo,male,80,Japan
594,Ken,male,52,Central African Republic
595,Donna,female,95,Switzerland
596,Tressa,female,22,Brunei Darussalam
597,Stephen,male,61,Djibouti
598,Dina,female,12,Bosnia and Herzegovina
599,Allen,male,32,Guyana
600,Arturo,male,70,Togo
601,Scott,male,32,Sao Tome and Principe
602,Wayne,male,78,Armenia
603,Henry,male,30,Turkey
604,John,male,28,Eritrea
605,Albert,male,36,Azerbaijan
606,Maria,female,91,Sierra Leone
607,Alexander,male,31,Turkey
608,Lisa,female,34,Uruguay
609,Sara,female,75,Brunei Darussalam
610,Richard,male,37,Afghanistan
611,Timothy,male,35,Paraguay
612,Richard,male,79,Colombia
613,Jack,male,60,Chile
614,Shaun,male,35,Bangladesh
615,Edward,male,38,United Kingdom of Great Britain and Northern Ireland
616,Mark,male,60,Samoa
617,Mary,female,53,Pitcairn
618,Phillip,male,63,Bulgaria
619,Shirley,female,32,Singapore
620,Zachary,male,38,Turkey
621,Kelly,female,48,Azerbaijan
622,Michelle,female,26,Thailand
623,Terry,female,84,Estonia
624,Bettie,female,40,Czechia
625,Anthony,male,63,Kenya
626,Allan,male,52,Belgium
627,Brian,male,44,Ethiopia
628,Barbara,female,27,Russian Federation
629,Arthur,male,15,Croatia
630,Richard,male,31,Switzerland
631,Dorothy,female,80,Algeria
632,Keith,male,51,Belarus
633,Anthony,male,66,Rwanda
634,Thomas,male,65,Seychelles
635,Theresa,female,26,Chad
636,Brenda,female,80,Gambia
637,Joseph,male,12,Iceland
638,Eric,male,63,Rwanda
639,Barbara,female,82,Jersey
640,Juanita,female,69,South Africa
641,Louise,female,36,Nauru
642,Sally,female,17,Rwanda
643,Scott,male,84,Luxembourg
644,Eric,male,76,Myanmar
645,Velma,female,77,Somalia
646,Juan,male,32,South Africa
647,Kathryn,female,33,Eritrea
648,Martha,female,95,New Zealand
649,Alfred,male,38,Equatorial Guinea
650,Robert,male,46,Iraq
651,Stacy,male,72,Morocco
652,Antonio,male,72,Ethiopia
653,Ronnie,male,27,Burundi
654,Joshua,male,30,Northern Mariana Islands
655,Joan,female,97,United Republic of Tanzania
656,Timothy,male,95,Serbia
657,Jeffrey,male,16,Spain
658,Elizabeth,female,92,Lesotho
659,Charlette,female,87,Italy
660,Greg,male,82,Slovakia
661,Kevin,male,18,Kiribati
662,Audrey,female,50,Latvia
663,Stephanie,female,83,Gabon
664,Shelly,female,95,Bulgaria
665,Robert,male,22,United Kingdom of Great Britain and Northern Ireland
666,Javier,male,62,Morocco
667,James,male,94,State of Palestine
668,William,male,32,Guinea-Bissau
669,Virginia,female,71,Turkey
670,Elizabeth,female,52,Uruguay
671,Emily,female,96,Gabon
672,Tim,male,65,Uganda
673,Todd,male,81,Portugal
674,Katherin,female,49,Svalbard and Jan Mayen Islands
675,Robert,male,27,Malta
676,Joann,female,29,Seychelles
677,Alma,female,82,Malaysia
678,Shannon,female,25,Belarus
679,Carl,male,55,Congo
680,Casey,female,85,Zimbabwe
681,Karen,female,70,Myanmar
682,Anthony,male,64,China
683,John,male,43,Hungary
684,Beth,female,43,Mauritius
685,Jose,male,98,Mongolia
686,Jamie,female,90,Japan
687,Olga,female,71,Morocco
688,Kris,female,49,Viet Nam
689,Alphonso,male,64,State of Palestine
690,Renee,female,33,Equatorial Guinea
691,Howard,male,30,Egypt
692,Tracy,female,77,Malaysia
693,Janice,female,58,Republic of Moldova
694,Amber,female,90,Nigeria
695,Robert,male,16,Mozambique
696,Bennie,male,11,Mauritius
697,Patricia,female,82,Pakistan
698,Diane,female,20,Lithuania
699,Claude,male,32,South Africa
700,Iva,female,26,Djibouti
701,Heidi,female,67,Fiji
702,Joseph,male,65,Guinea
703,Nancy,female,73,State of Palestine
704,Christopher,male,34,Montenegro
705,Michael,male,21,Jersey
706,Helen,female,50,Brunei Darussalam
707,Micah,male,51,Cabo Verde
708,John,male,69,Yemen
709,Marcos,male,46,Lithuania
710,Johnny,male,39,Republic of Moldova
711,Gloria,female,42,Uganda
712,Paula,female,10,Bangladesh
713,Todd,male,54,Norway
714,David,male,40,Botswana
715,Lynne,female,58,Guernsey
716,Gary,male,48,Liberia
717,Samatha,female,95,Serbia
718,Carolyn,female,92,Tonga
719,Florence,female,46,Morocco
720,Adam,male,55,China
721,Richard,male,24,Kuwait
722,James,male,98,Colombia
723,Vanessa,female,64,Sri Lanka
724,Dalia,female,67,Brunei Darussalam
725,Gloria,female,40,Central African Republic
726,Luis,male,36,Serbia
727,John,male,27,Australia
728,Ernestine,female,88,United Arab Emirates
729,Yvonne,female,12,Papua New Guinea
730,Wanda,female,97,Maldives
731,Manuel,male,79,Cambodia
732,Oscar,male,91,Uzbekistan
733,Thad,male,37,Belarus
734,Jason,male,14,Iran (Islamic Republic of)
735,Randolph,male,88,State of Palestine
736,Martha,female,36,The former Yugoslav Republic of Macedonia
737,Brandon,male,90,Jersey
738,Michelle,female,65,Malawi
739,Christy,female,33,Papua New Guinea
740,Nicole,female,71,Botswana
741,Susan,female,63,Cabo Verde
742,Amy,female,61,Ireland
743,Erik,male,37,Afghanistan
744,Cortez,male,23,Burkina Faso
745,Wilda,female,20,Latvia
746,Brian,male,68,New Caledonia
747,Michael,male,54,Gambia
748,Ana,female,88,Maldives
749,Harold,male,86,Egypt
750,Sabina,female,85,Andorra
751,Jennifer,female,53,Saint Helena
752,Robert,male,17,Morocco
753,Eddie,male,23,Russian Federation
754,Grace,female,91,Burundi
755,Erica,female,73,Peru
756,Jacob,male,32,Yemen
757,Keith,male,49,China
758,Melvin,male,31,Brazil
759,Ronald,male,41,American Samoa
760,Julian,male,73,Luxembourg
761,Joseph,male,20,Morocco
762,Helen,female,80,Chile
763,Barbara,female,61,Republic of Korea
764,John,male,57,Czechia
765,Francis,male,35,Cook Islands
766,Wanda,female,44,Monaco
767,Carolyn,female,30,Spain
768,Adrian,male,45,Iceland
769,Nancy,female,74,Congo
770,Dennis,male,51,Samoa
771,Laurette,female,63,"China, Macao Special Administrative Region"
772,Lorrie,female,39,Guernsey
773,Beverly,female,11,Palau
774,Geraldine,female,74,Republic of Korea
775,Vanessa,female,58,Holy See
776,Henry,male,72,Pakistan
777,Kevin,male,25,Sweden
778,Devin,male,73,Switzerland
779,Walter,male,92,Micronesia (Federated States of)
780,Albert,male,32,Kenya
781,Colleen,female,39,Spain
782,Shirley,female,54,Viet Nam
783,Mina,female,66,Palau
784,Jessica,female,92,Austria
785,William,male,34,Gambia
786,Grace,female,53,Niue
787,Valerie,female,90,Solomon Islands
788,Kristi,female,25,Vanuatu
789,Sophia,female,90,United Kingdom of Great Britain and Northern Ireland
790,Adam,male,96,Kiribati
791,May,female,22,Albania
792,Jerry,male,13,Kazakhstan
793,Artie,female,71,Papua New Guinea
794,Carl,male,11,New Zealand
795,Randolph,male,43,Kuwait
796,Antonia,female,92,Bangladesh
797,Karen,female,20,Australia
798,Maragret,female,86,Ecuador
799,Sherell,female,31,Saint Helena
800,Edwin,male,55,Tunisia
801,Mary,female,28,Israel
802,Janice,female,71,Maldives
803,Gerard,male,93,Finland
804,Francisco,male,97,Guinea-Bissau
805,Edward,male,37,Republic of Korea
806,Jacob,male,12,Norfolk Island
807,James,male,41,Uruguay
808,Jeff,male,83,Andorra
809,Stanley,male,86,Thailand
810,Joseph,male,43,Swaziland
811,John,male,78,Svalbard and Jan Mayen Islands
812,Morgan,male,71,Sierra Leone
813,Terry,male,56,Djibouti
814,Dominic,male,18,Solomon Islands
815,Nicole,female,41,Western Sahara
816,Nicole,female,85,Democratic People's Republic of Korea
817,Eric,male,74,Gabon
818,Corey,male,10,Netherlands
819,Christopher,male,26,Pakistan
820,Ella,female,87,Czechia
821,John,male,39,Western Sahara
822,Milton,male,18,Marshall Islands
823,Shirley,female,71,Burkina Faso
824,Mabel,female,77,Switzerland
825,Joan,female,12,"China, Macao Special Administrative Region"
826,Karen,female,26,French Guiana
827,James,male,52,Georgia
828,Nilsa,female,10,Myanmar
829,Mary,female,92,Benin
830,Troy,male,31,Samoa
831,Martin,male,81,Bhutan
832,Irvin,male,77,Belgium
833,Chauncey,male,80,Maldives
834,Paul,male,93,Mayotte
835,Minnie,female,15,Central African Republic
836,John,male,74,Uganda
837,Sheila,female,86,Chile
838,Antonio,male,47,Bhutan
839,Adam,male,27,French Polynesia
840,Marquis,male,93,Austria
841,Carl,male,33,France
842,Mark,male,29,Uruguay
843,David,male,48,Cabo Verde
844,Patsy,female,86,Luxembourg
845,Timothy,male,11,Pitcairn
846,Catherine,female,68,Lesotho
847,Wallace,male,65,Belarus
848,David,male,61,Bangladesh
849,Johnny,male,17,American Samoa
850,Krystal,female,81,Mozambique
851,Marlene,female,89,India
852,Thomas,male,38,Gambia
853,James,male,10,Argentina
854,George,male,80,Argentina
855,Norman,male,78,Pitcairn
856,Eric,male,49,Liberia
857,Joann,female,14,Ireland
858,Steven,male,82,Equatorial Guinea
859,Ofelia,female,24,Palau
860,Earl,male,11,Georgia
861,Jeremiah,male,84,Wallis and Futuna Islands
862,Christopher,male,65,Philippines
863,Diane,female,86,Spain
864,Judy,female,45,Ghana
865,Jeffrey,male,13,Australia
866,Brandie,female,43,India
867,Victor,male,16,Czechia
868,Brian,male,75,Jordan
869,Lula,female,35,Liberia
870,Myrtle,female,51,Guam
871,Steven,male,52,Bahrain
872,Christi,female,45,Czechia
873,Ellen,female,17,Bulgaria
874,Robert,male,38,Togo
875,Louis,male,74,Pitcairn
876,Joseph,male,43,South Sudan
877,Tina,female,17,State of Palestine
878,Heath,male,36,Bosnia and Herzegovina
879,Marie,female,55,Pitcairn
880,Mark,male,44,Northern Mariana Islands
881,Darlene,female,66,Germany
882,Ronnie,male,93,San Marino
883,Anthony,male,96,Cabo Verde
884,Thomas,male,94,Norfolk Island
885,Nathaniel,male,36,Nigeria
886,Mamie,female,40,Nigeria
887,Judith,female,67,Central African Republic
888,Dorothy,female,82,Marshall Islands
889,Ronald,male,78,Pakistan
890,Joanne,female,39,Egypt
891,James,male,39,Czechia
892,Gwendolyn,female,62,Swaziland
893,Dennis,male,34,Cyprus
894,Therese,female,26,Mayotte
895,Patrica,female,12,Uzbekistan
896,Tommy,male,60,Philippines
897,Katherine,female,67,Oman
898,Paula,female,58,Austria
899,Angela,female,48,Sri Lanka
900,Gladys,female,29,Zimbabwe
901,Pamela,female,56,Colombia
902,Thomas,male,26,Bulgaria
903,Jeffrey,male,35,Ukraine
904,Wesley,male,81,Luxembourg
905,Roma,female,84,Democratic People's Republic of Korea
906,Jacqueline,female,42,Kiribati
907,Charles,male,35,Austria
908,Evelyn,female,73,Zambia
909,Maybell,female,41,Niger
910,Clair,male,21,China
911,Larry,male,42,San Marino
912,Christopher,male,94,Cook Islands
913,Paul,male,22,New Zealand
914,John,male,22,Cabo Verde
915,Virgil,male,68,Viet Nam
916,James,male,92,Portugal
917,Jeremy,male,57,Bahrain
918,Michael,male,86,Ghana
919,Elena,female,64,Peru
920,Gwendolyn,female,55,Northern Mariana Islands
921,David,male,56,Equatorial Guinea
922,Shaina,female,47,Liberia
923,Leonard,male,43,Cook Islands
924,Elizabeth,female,71,Switzerland
925,Jenifer,female,16,Afghanistan
926,Janice,female,76,Bahrain
927,William,male,38,Gibraltar
928,Richard,male,19,Mauritania
929,Roberto,male,22,Viet Nam
930,John,male,90,Iceland
931,Opal,female,21,Gibraltar
932,Katharine,female,42,Marshall Islands
933,Samantha,female,89,Paraguay
934,Harold,male,26,Mauritania
935,Vincent,male,25,Vanuatu
936,Brian,male,49,United Republic of Tanzania
937,Wendy,female,89,Wallis and Futuna Islands
938,Robbie,male,52,Ukraine
939,Charles,male,39,Italy
940,Clyde,male,33,Czechia
941,Joshua,male,13,Solomon Islands
942,Lena,female,26,Niue
943,Rodrigo,male,74,Thailand
944,Kent,male,12,Bangladesh
945,Catherine,female,53,Cabo Verde
946,Michal,female,65,Kyrgyzstan
947,Ruth,female,97,Guinea-Bissau
948,Vickie,female,44,Chile
949,Whitney,female,58,France
950,Olive,female,92,Ghana
951,Jessica,female,70,Rwanda
952,Kimberly,female,24,Australia
953,Robert,male,42,Guam
954,Rosemarie,female,35,Botswana
955,Mary,female,28,South Sudan
956,Jesse,male,68,Cabo Verde
957,Vera,female,85,Djibouti
958,Van,male,19,Belarus
959,Adolfo,male,16,Malawi
960,Thomas,male,80,United Kingdom of Great Britain and Northern Ireland
961,Debra,female,63,Slovenia
962,Regina,female,93,Philippines
963,Alexander,male,14,Brunei Darussalam
964,Tera,female,67,Isle of Man
965,Robert,male,29,The former Yugoslav Republic of Macedonia
966,Kathy,female,83,Brunei Darussalam
967,Tony,male,39,Israel
968,Lilly,female,27,Singapore
969,Scott,male,81,South Africa
970,Sergio,male,13,Seychelles
971,Virgie,female,32,United Arab Emirates
972,Larry,male,76,Jersey
973,Sandra,female,22,Peru
974,Lucinda,female,31,Greece
975,Michael,male,73,Norway
976,Zachary,male,17,Lesotho
977,Thomas,male,90,Turkmenistan
978,Ralph,male,54,Sierra Leone
979,Jon,male,26,Bosnia and Herzegovina
980,Ryan,male,46,Guernsey
981,Sarah,female,79,Maldives
982,Stephanie,female,57,Monaco
983,Derrick,male,45,Solomon Islands
984,Amy,female,85,Yemen
985,Albert,male,17,Turkmenistan
986,James,male,75,Mauritius
987,Salvatore,male,28,Tuvalu
988,Janet,female,73,Sao Tome and Principe
989,George,male,67,Mauritania
990,Denise,female,64,Argentina
991,Matthew,male,38,Malaysia
992,Fay,female,42,Poland
993,Anna,female,32,Portugal
994,King,male,35,United Arab Emirates
995,William,male,15,Poland
996,Albert,male,65,Brunei Darussalam
997,Clarence,male,19,Australia
998,Erma,female,24,Djibouti
999,Howard,male,55,Angola
